"Carimbo de data/hora","area","idade","reprovas","discriminacao","especializacao","oportunidades","abandonarTI","pais","Sugestões/Comentários/Criticas (Suggestions / Comments / Critiques)"
"2020/07/13 9:18:21 PM GMT-3","Ciência da Computação","Entre 18 e 24 anos","Até 10","Algumas vezes","Não sei","Não estou inserida no mercado","Sim, não me identifico tanto","",". "
"2020/07/14 5:34:28 PM GMT-3","Ciência da Computação","Entre 18 e 24 anos","Nenhuma","Sim, sempre","Sim","Não","Muito difícil e poucas pessoas estão dia postas a ajudar, professor so complica ","","Nenhuma crítica "
"2020/07/14 6:01:27 PM GMT-3","Ciência da Computação","Entre 18 e 24 anos","Nenhuma","Sim, sempre","Não","Não","Não.","","."
"2020/07/14 6:03:30 PM GMT-3","Ciência da Computação","Entre 18 e 24 anos","Nenhuma","Algumas vezes","Não sei","Não","","","--"
"2020/07/14 6:25:44 PM GMT-3","Ciência da Computação","Entre 18 e 24 anos","Até 5","Sim, sempre","Sim","Não","Sim, falta de reconhecimento, mostrar muito mais resultados, possibilidades bem mais tentadoras em outras áreas.","","Muito orgulho ter uma pesquisa sobre mulheres na área, feita por uma mulher da área ❤️"
"2020/07/14 6:47:57 PM GMT-3","Ciência da Computação","Entre 18 e 24 anos","Até 2","Algumas vezes","Sim","Não","Sintia-me deslocada no curso","","Acredito que o mercado de trabalho é desigual para homens e mulheres em todas as áreas"
"2020/07/14 7:32:18 PM GMT-3","Ciência da Computação","Entre 18 e 24 anos","Nenhuma","Sim, sempre","Sim","Não","Sim, desafio de crescer na área como mulher ","","Adorei a iniciativa, essas ações inclusivas para as mulheres na área de TI são inspiradoras."
"2020/07/14 8:11:23 PM GMT-3","Ciência da Computação","Entre 25 e 30 anos","Nenhuma","Algumas vezes","Sim","Não","Nao","","Nada"
"2020/07/14 8:18:40 PM GMT-3","Ciência da Computação","Entre 25 e 30 anos","Até 5","Algumas vezes","Sim","Não","Não ","","Para pessoas que estão inseridas no mercado de trabalho, poderiam haver algumas perguntas sobre o ambiente, ou sobre as mulheres estarem em cargos de liderança "
"2020/07/14 8:26:00 PM GMT-3","Ciência da Computação","Entre 25 e 30 anos","Até 2","Algumas vezes","Sim","Não","Não","","Achei muito interessante sua iniciativa em fazer um trabalho relacionado a esse tema, parabéns!!"
"2020/07/14 9:07:49 PM GMT-3","Ciência da Computação","Entre 18 e 24 anos","Nenhuma","Sim, sempre","Sim","Não","Muito difícil e poucas pessoas estão dia postas a ajudar, professor so complica ","","Nenhuma crítica "
"2020/07/14 10:21:23 PM GMT-3","Ciência da Computação","Entre 31 e 35 anos","Mais de 10","Algumas vezes","Sim","Não","Não","","A área de ti ainda é um ambiente muito machista, mas aos poucos vejo uma transformação desse ambiente e vejo q a voz das mulheres tem sido ouvida e estamos ganhando nossas forças."
"2020/07/15 10:13:08 AM GMT-3","Ciência da Computação","Entre 18 e 24 anos","Nenhuma","Nunca","Sim","Não estou inserida no mercado","Estou no campo da pesquisa e a demora para conseguir uma bolsa foi muito desmotivante.","","Sugestão: já pensou em apresentar o questionário para homens e mulheres e comparar os resultados ? Para quem está inserido no mercado de trabalho, vc poderia acrescentar campos como o tempo na área e o salário, enfim, só uma ideia"
"2020/07/15 10:50:13 AM GMT-3","Sistemas de Informação","Entre 25 e 30 anos","Nenhuma","Sim, sempre","Sim","Não","Sim, por conta do machismo","","Nenhuma"
"2020/07/15 10:59:01 AM GMT-3","Ciência da Computação","Entre 18 e 24 anos","Nenhuma","Algumas vezes","Sim","Não estou inserida no mercado","","","."
"2020/07/15 11:11:12 AM GMT-3","Ciência da Computação","Entre 36 e 40 anos","Até 10","Algumas vezes","Sim","Sim","Nao","",".."
"2020/07/15 11:15:47 AM GMT-3","Ciência da Computação","Entre 18 e 24 anos","Nenhuma","Algumas vezes","Sim","Não estou inserida no mercado","Sentimento de incapacidade","","."
"2020/07/15 11:17:44 AM GMT-3","Ciência da Computação","Entre 18 e 24 anos","Até 5","Sim, sempre","Sim","Não","sim, pela discriminação ou por desigualdade entre homem e mulher","","divulgar o resultado dessa pesquisa para que as pessoas tenham conhecimento sobre a nossa realidade "
"2020/07/15 11:35:31 AM GMT-3","Ciência da Computação","Entre 18 e 24 anos","Nenhuma","Algumas vezes","Sim","Não estou inserida no mercado","Sim, achei que não fosse pra mim, já que meus amigos sabiam tanto e eu nem tanto assim","","Alguns professores deveriam medir seu ego antes de entrar em sala de aula e lembrar que todos ali tem suas capacidades e não só porque somos mulheres que vamos ser inferiores aos homens"
"2020/07/15 11:40:07 AM GMT-3","Sistemas de Informação","Entre 18 e 24 anos","Até 10","Algumas vezes","Sim","Não","Sim, por motivos da minha ansiedade, depressão e falta de investimento em mim em um emprego que tive, pensei em parar.","","Nenhuma"
"2020/07/15 11:46:43 AM GMT-3","Engenharia de Dados (BI)","Entre 25 e 30 anos","Até 2","Algumas vezes","Sim","Não","Sim,novos desafios, horizontes, ajudar mais os outros","","Na prática, as mulheres que atuam em TI procuram ignorar os ""ruídos"" e trabalham como se nao existisse essa diferença, mas existe. Inclusive vi chefe (mulher) trocar de empresa por desacreditar de si mesma, porque sente que quanto mais velha fica, menos valor tem pro mercado (o oposto do que é para homens)"
"2020/07/15 11:51:03 AM GMT-3","Ciência da Computação","Entre 18 e 24 anos","Nenhuma","Algumas vezes","Não sei","Não","","","Não tenho nenhuma"
"2020/07/15 11:52:33 AM GMT-3","Ciência da Computação","Entre 25 e 30 anos","Até 10","Algumas vezes","Sim","Não","Machismo, validação de palavra, dificuldade","","Nenhuma"
"2020/07/15 11:56:23 AM GMT-3","Ciência da Computação","Entre 18 e 24 anos","Nenhuma","Nunca","Sim","Não estou inserida no mercado","Nao","","Nda"
"2020/07/15 12:01:31 PM GMT-3","Ciência da Computação","Entre 18 e 24 anos","Nenhuma","Algumas vezes","Não sei","Não","Sim, em vários momentos senti que não me identificava com a área","","Não "
"2020/07/15 12:09:06 PM GMT-3","Sistemas de Informação","Entre 25 e 30 anos","Até 5","Algumas vezes","Sim","Não","No começo da minha carreira, o cara que tinha que me ajudar não tinha paciência, era grosso, não gostava disso. Pensei que não era minha área, mas encontrei uma empresa que me abraçou e consegui me desenvolver naturalmente.","","Hoje existem muitas empresas que entendem a importância da diversidade e abraçam a causa "
"2020/07/15 12:14:28 PM GMT-3","Ciência da Computação","Entre 18 e 24 anos","Nenhuma","Algumas vezes","Não sei","Não","","","Parabéns pelo trabalho! acredito que quanto mais dermos atenção para o assunto, cada vez mais podemos ir mudando esse cenário de discrepância na área de TI"
"2020/07/15 12:14:39 PM GMT-3","Gestão de pessoas ","Entre 31 e 35 anos","Nenhuma","Sim, sempre","Sim","Não","","","Transição para TI"
"2020/07/15 12:31:59 PM GMT-3","Análise de Sistemas.  O que engloba todas as opções acima...","Entre 18 e 24 anos","Nenhuma","Nunca","Sim","Sim","No começo devido as dificuldades temia que pudesse ser um impedimento durante muito tempo... Existe preconceito na área, muitos ambientes ainda são machistas.  ","","Mas dependendo da área de atuação e empresa, o cenário aos poucos está mudando, tendo mais diversidade."
"2020/07/15 12:40:51 PM GMT-3","Segurança da Informação ","Entre 25 e 30 anos","Nenhuma","Sim, sempre","Sim","Não","Não ","","Precisamos nos manter sempre unidas, independente da situação, e sim área de TI ainda é extremamente machista, apesar do crescimento do público feminino, e isso acaba desanimando algumas. Por isso sempre devemos ajudar umas as outras "
"2020/07/15 12:40:56 PM GMT-3","Ciência da Computação","Entre 18 e 24 anos","Nenhuma","Nunca","Não","Não","Não","","Nunca senti nenhuma discriminação direta mas trabalho em uma empresa que de 20 pessoas, 2 são mulheres. "
"2020/07/15 12:49:53 PM GMT-3","Análise e Desenvolvimento de sistemas","Entre 18 e 24 anos","Até 2","Algumas vezes","Sim","Não","","","."
"2020/07/15 12:51:09 PM GMT-3","Desenvolvimento de jogos","Entre 18 e 24 anos","Nenhuma","Algumas vezes","Não sei","Não estou inserida no mercado","","","NA"
"2020/07/15 12:52:58 PM GMT-3","Cursos gratuitos na internet ","Entre 31 e 35 anos","Nenhuma","Nunca","Não","Sim","Sim. Consigo trabalhar como freelancer, mas não consigo um trabalho CLT por causa da lista enorme de exigências das empresas. ","","Nunca enfrentei discriminação por ser mulher. Meu único problema na área da TI é lidar com a lista imensa de exigências, até para desenvolvedores Júnior. "
"2020/07/15 1:17:26 PM GMT-3","Sistemas de Informação","Entre 25 e 30 anos","Até 2","Algumas vezes","Sim","Não","Não ","","Gostei da pesquisa, ressalto o quanto foi difícil entrar na área, já sofri N situações no início da carreira direcionado a isso. "
"2020/07/15 1:20:48 PM GMT-3","Sistemas de Informação","Entre 25 e 30 anos","Nenhuma","Algumas vezes","Sim","Não","","","Ainda precisamos melhorar muito na até em questão de representatividade "
"2020/07/15 1:28:00 PM GMT-3","Sistemas de Informação","Entre 18 e 24 anos","Nenhuma","Algumas vezes","Sim","Não","","","Infelizmente as mulheres não são reconhecidas na área de TI"
"2020/07/15 1:29:37 PM GMT-3","Sistemas de Informação","Entre 18 e 24 anos","Nenhuma","Algumas vezes","Sim","Não","Sim, pois há um grande clima de competição, e nessa competição, as mulheres sempre precisam se esforçar mais, o que acaba sendo exaustivo.","","Uma boa pesquisa, com boas perguntas, parabéns!"
"2020/07/15 1:35:15 PM GMT-3","Ciência da Computação","Entre 18 e 24 anos","Nenhuma","Algumas vezes","Sim","Não","","","nenhum"
"2020/07/15 1:37:10 PM GMT-3","Ciência da Computação","Entre 18 e 24 anos","Até 10","Nunca","Não sei","Não estou inserida no mercado","Síndrome do impostor, não achar que é o que eu quero seguir","","Nada :)"
"2020/07/15 1:41:58 PM GMT-3","Sistemas de Informação","Entre 31 e 35 anos","Até 2","Sim, sempre","Não sei","Não estou inserida no mercado","Desanimo","","Gostaria de dicas pra quem já se formou e esta fora da área"
"2020/07/15 1:54:48 PM GMT-3","Sistemas de Informação","Entre 18 e 24 anos","Até 2","Algumas vezes","Não sei","Não","","","As mulheres sempre precisam se provar competentes, porque são subestimadas nos seus cargos. A opinião da mulher também é algo sempre questionável, não importando a hierarquia. E sempre tem que impor respeito, pois muitas vezes ser ""escutada"" ou ""obedecida"" é algo opcional para os colegas, como se fosse algo ""ah, eu não preciso prestar contas a isso"". Outras vezes, a mulher precisa se inserir num ""papel de personagem"" aceitável para ser respeitada, como a moleca ou a forte. São coisas que se fossem um homem assumindo, seriam diferentes, simplesmente por causa do machismo estrutural. A representatividade é uma boa forma para reverter esse quadro."
"2020/07/15 2:01:13 PM GMT-3","Sistemas de Informação","Entre 18 e 24 anos","Até 2","Algumas vezes","Sim","Não","","","."
"2020/07/15 2:01:13 PM GMT-3","Ciência da Computação","Entre 25 e 30 anos","Nenhuma","Sim, sempre","Sim","Não","","","Igualdade de será possível quando tivermos mais mulheres na liderança que entendam a importância "
"2020/07/15 2:03:49 PM GMT-3","Engenharia de Software","Entre 31 e 35 anos","Até 2","Nunca","Sim","Sim","","","Nada a acrescentar"
"2020/07/15 2:15:14 PM GMT-3","Engenharia da Computação (Computer Engineering)","","Nenhuma","Nunca","Sim","Não","","","Nada"
"2020/07/15 2:18:11 PM GMT-3","Ciência da Computação (Computer Science)","Entre 18 e 24 anos (Between 18 and 24 years)","","","","","Machismo, Double standards de cobrança...","","Não consigo pensar em nada, gostei da pesquisa."
"2020/07/15 2:37:29 PM GMT-3","Ciência da Computação (Computer Science)","Entre 25 e 30 anos (Between 25 and 30 years)","Nenhuma (None)","Algumas vezes (Sometimes)","Sim (Yes)","Não (No)","Não necessariamente abandonar mas pós formada não conseguia me encontrar na carreira de desenvolvedora ou não me via assim, pois ao meu ver meus colegas sempre estavam muito a frente de mim. Porém, hoje gosto muito da área e sei que ela oferece inúmeras oportunidades. Até desejo voltar a estudar programação. ","Brasil","Acredito que muito ainda precisa ser feito para que sejamos valorizadas nesta área de igual para igual. "
"2020/07/15 2:37:54 PM GMT-3","Ciência da Computação (Computer Science)","Entre 18 e 24 anos (Between 18 and 24 years)","Nenhuma (None)","Algumas vezes (Sometimes)","Não (No)","Não (No)","Sim","Brazil","-"
"2020/07/15 2:50:45 PM GMT-3","Analise e Desenvolvimento de Sistemas (System Analysis and Development)","Entre 18 e 24 anos (Between 18 and 24 years)","Até 2 (Up to 2)","Algumas vezes (Sometimes)","Sim (Yes)","Não (No)","Sim, só que seria algo mais pessoal do que por conta de discriminação ou algo do tipo.","Brasil","Nenhuma"
"2020/07/15 2:55:28 PM GMT-3","Ciência da Computação (Computer Science)","Entre 18 e 24 anos (Between 18 and 24 years)","Nenhuma (None)","Algumas vezes (Sometimes)","Não sei (I don't know)","Não (No)","Não","Brasil","Não"
"2020/07/15 2:58:49 PM GMT-3","Ciência da Computação (Computer Science)","Entre 25 e 30 anos (Between 25 and 30 years)","Até 10 (Up to 10)","Algumas vezes (Sometimes)","Sim (Yes)","Não (No)","Não. ","Brasil ","Talvez no futuro, seja legal também fazer um questionário perguntando as mulheres quais iniciativas elas acreditam que devem ser tomadas para mudar essa discrepância de gênero na área. Gostaria de deixar um recado: seu trabalho é muito importante e me enche de esperança ver cada vez mais mulheres conscientes e explorando o tema. Precisamos de soluções! "
"2020/07/15 3:00:05 PM GMT-3","Ciência da Computação (Computer Science)","Entre 18 e 24 anos (Between 18 and 24 years)","Até 2 (Up to 2)","Algumas vezes (Sometimes)","Sim (Yes)","Não (No)","","Brasil","Sugestão: Poderia ter alguma pergunta relacionada a mansplaining."
"2020/07/15 3:01:36 PM GMT-3","Ciência da Computação (Computer Science)","Entre 18 e 24 anos (Between 18 and 24 years)","Nenhuma (None)","Algumas vezes (Sometimes)","Sim (Yes)","Não (No)","Ritmo acelerado de trabalho","Brasil","Sugestão poderia ser opcional"
"2020/07/15 3:03:00 PM GMT-3","Ciência da Computação (Computer Science)","Entre 25 e 30 anos (Between 25 and 30 years)","Nenhuma (None)","Sim, sempre (Yes always)","Sim (Yes)","Não (No)","","Brasil","Verificar a idade em que as mulheres decidem entrar na área."
"2020/07/15 3:14:31 PM GMT-3","Ciência da Computação (Computer Science)","Entre 18 e 24 anos (Between 18 and 24 years)","Nenhuma (None)","Nunca (Never)","Sim (Yes)","Não estou inserida no mercado (I'm not part of the market)","","Brazil","Sem sugestões"
"2020/07/15 3:44:17 PM GMT-3","Ciência da Computação (Computer Science)","Entre 25 e 30 anos (Between 25 and 30 years)","Até 5 (Up to 5)","Nunca (Never)","Não sei (I don't know)","Não (No)","Às vezes, porque não me identifico completamente com o perfil do pessoal da área, o que torna trabalhar nessa área desinteressante às vezes.","Brasil","Talvez possa ser interessante perguntar o que motivou a pessoa a entrar na área de TI. Pelo menos é a pergunta mais recorrente que outras mulheres fazem pra mim quando eu falo que estudo computação."
"2020/07/15 3:50:28 PM GMT-3","Engenharia de Software (Software Engineering)","Entre 25 e 30 anos (Between 25 and 30 years)","Nenhuma (None)","Algumas vezes (Sometimes)","Sim (Yes)","Não (No)","Entrei recentemente. Então por enquanto, não","Brasil","-"
"2020/07/15 3:51:41 PM GMT-3","Engenharia da Computação (Computer Engineering)","Entre 18 e 24 anos (Between 18 and 24 years)","Nenhuma (None)","Nunca (Never)","Não (No)","Não (No)","","Brasil","Acho que além de uma descriminação de colegas e professores, muitas vezes familiares e amigos fora da faculdade/trabalho podem desencorajar as mulheres nesse mercado. Já passei por isso e já ouvi relatos sobre isso."
"2020/07/15 3:56:22 PM GMT-3","Ciência da Computação (Computer Science)","Entre 18 e 24 anos (Between 18 and 24 years)","Nenhuma (None)","Algumas vezes (Sometimes)","Não sei (I don't know)","Não estou inserida no mercado (I'm not part of the market)","Não ","Brasil","Achei o questionário interessante, adicionaria talvez se a pessoa já foi desestimulada a entrar na área por ser mulher"
"2020/07/15 4:06:01 PM GMT-3","Ciência da Computação (Computer Science)","Entre 18 e 24 anos (Between 18 and 24 years)","Nenhuma (None)","Nunca (Never)","Não (No)","Sim (Yes)","","Brazil","null"
"2020/07/15 4:06:32 PM GMT-3","null","Entre 18 e 24 anos (Between 18 and 24 years)","Nenhuma (None)","Nunca (Never)","Não (No)","Não estou inserida no mercado (I'm not part of the market)","null","null","null"
"2020/07/15 4:09:55 PM GMT-3","Ciência da Computação (Computer Science)","Entre 18 e 24 anos (Between 18 and 24 years)","Nenhuma (None)","Algumas vezes (Sometimes)","Não sei (I don't know)","Não (No)","Sim, fazer algo mais artística que dependo de mim e posso me isolar um pouco das dinâmicas de gênero.","Brasil","Obrigada por esse tipo de pesquisa! É bem importante ressaltar essas dificuldades de gênero. Estando trabalhando, vejo que meus colegas de trabalho possuem pouca consciência dessa diferença quando eles estão no lado do privilégio"
"2020/07/15 4:11:02 PM GMT-3","Ciência da Computação (Computer Science)","Entre 18 e 24 anos (Between 18 and 24 years)","Nenhuma (None)","Algumas vezes (Sometimes)","Não sei (I don't know)","Não (No)","Sim, síndrome do impostor","Brasil","-"
"2020/07/15 4:37:54 PM GMT-3","Análise e desenvolvimento de sistemas","Entre 31 e 35 anos (Between 31 and 35 years)","Nenhuma (None)","Nunca (Never)","Sim (Yes)","Não estou inserida no mercado (I'm not part of the market)","Eu tenho a primeira formação. Estou tentando estágio e nada, estou desanimando e com medo. Às vezes penso em voltar pra antiga carreira.","Brasil","Já pensei em me candidatar e passando por homem só pra ver se iria mais a diante nas entrevistas."
"2020/07/15 4:57:32 PM GMT-3","Sistemas de Informação (Information System)","Entre 18 e 24 anos (Between 18 and 24 years)","Até 2 (Up to 2)","Nunca (Never)","Sim (Yes)","Sim (Yes)","Sim, além de TI tenho outros interessses que gostaria de tentar .","Brasil","Nenhuma ."
"2020/07/15 5:35:12 PM GMT-3","Ciência da Computação (Computer Science)","Entre 25 e 30 anos (Between 25 and 30 years)","Nenhuma (None)","Sim, sempre (Yes always)","Não (No)","Não (No)","Abuso sexual, abuso psicológico ","Brasil","Parabéns pela iniciativa "
"2020/07/15 5:48:23 PM GMT-3","Análise e Desenvolvimento de sistemas","Entre 18 e 24 anos (Between 18 and 24 years)","Até 2 (Up to 2)","Algumas vezes (Sometimes)","Não sei (I don't know)","Não (No)","Falta de oportunidade e conhecimento prático como Jr.","Brasil","Seria interessante questionar quantas mulheres concluíram ou entraram no mercado sem graduação."
"2020/07/15 6:00:20 PM GMT-3","Ciência da Computação (Computer Science)","Entre 18 e 24 anos (Between 18 and 24 years)","Nenhuma (None)","Algumas vezes (Sometimes)","Sim (Yes)","Não (No)","No","Brazil","Harassment is still a huge problem for us, specially considering we make such a small percentage of the field.
There are people willing to help, but there's still much to be done in order to make women feel safe in the workspace and academia."
"2020/07/15 6:04:55 PM GMT-3","Ciência da Computação (Computer Science)","Entre 25 e 30 anos (Between 25 and 30 years)","Nenhuma (None)","Algumas vezes (Sometimes)","Não (No)","Não (No)","Desistir eu não cheguei a pensar, mas tenho medo de não conseguir um bom emprego.","Brasil","Sem pre foi meu sonho fazer esse curso, daí eu tiro coragem pra não desistir."
"2020/07/15 6:20:22 PM GMT-3","Engenharia Mecatrônica","Entre 18 e 24 anos (Between 18 and 24 years)","Até 5 (Up to 5)","Algumas vezes (Sometimes)","Sim (Yes)","Não (No)","Sim, por não me sentir ambientalizada ","Brasil","."
"2020/07/15 6:34:55 PM GMT-3","Ciência da Computação (Computer Science)","Entre 18 e 24 anos (Between 18 and 24 years)","Nenhuma (None)","Nunca (Never)","Sim (Yes)","Não estou inserida no mercado (I'm not part of the market)","","Brasil","Boa sorte"
"2020/07/15 7:11:04 PM GMT-3","Ciência da Computação (Computer Science)","Entre 18 e 24 anos (Between 18 and 24 years)","Nenhuma (None)","Algumas vezes (Sometimes)","Não sei (I don't know)","Não (No)","","Brazil","."
"2020/07/15 7:14:16 PM GMT-3","Análise e Desenvolvimento de Sistemas ","Entre 18 e 24 anos (Between 18 and 24 years)","Nenhuma (None)","Algumas vezes (Sometimes)","Não sei (I don't know)","Não (No)","","Brasil","Legal a pesquisa! Espero que tenha contribuído! ;)"
"2020/07/15 8:00:49 PM GMT-3","análise e desenvolvimento de sistemas","Entre 31 e 35 anos (Between 31 and 35 years)","Nenhuma (None)","Nunca (Never)","Sim (Yes)","Não (No)","Não","Brasil","não"
"2020/07/15 8:31:02 PM GMT-3","Artes visuais","Entre 36 e 40 anos (Between 36 and 40 years)","Até 5 (Up to 5)","Sim, sempre (Yes always)","Sim (Yes)","Não (No)","Já abandonei e já voltei","Brasil","Pesquisa o mercado de trabalho também."
"2020/07/15 8:31:41 PM GMT-3","Ciência da Computação (Computer Science)","Entre 25 e 30 anos (Between 25 and 30 years)","Mais de 10 (More than 10)","Algumas vezes (Sometimes)","Não sei (I don't know)","Sim (Yes)","Sim, não me identifiquei incialmente.","Brasil","GRL PWR"
"2020/07/15 10:05:32 PM GMT-3","Ciência da Computação (Computer Science)","Entre 18 e 24 anos (Between 18 and 24 years)","Nenhuma (None)","Algumas vezes (Sometimes)","Sim (Yes)","Não (No)","","Brasil","Acredito que o baixo numero de mulheres na computacao e na area de exatas no geral ocorre pela falta de incentivo para as meninas ainda em idade escolar. A falta de exemplos femininos bem sucedidos na area desestimula o interesse. Acredito que algumas açoes tem sido realizadas atualmente para mudar esse quadro, como entros de mulheres nas areas STEM, mas ainda tem muito a ser feito."
"2020/07/15 10:46:47 PM GMT-3","Sistemas de Informação (Information System)","Entre 25 e 30 anos (Between 25 and 30 years)","Até 2 (Up to 2)","Algumas vezes (Sometimes)","Sim (Yes)","Não (No)","Sim, por machismo, preconceito e por ter que mostrar mais que colegas do sexo oposto .","Brasil","Não"
"2020/07/15 10:58:47 PM GMT-3","Sistemas de Informação (Information System)","Entre 18 e 24 anos (Between 18 and 24 years)","Até 2 (Up to 2)","Algumas vezes (Sometimes)","Sim (Yes)","Não (No)","","Brazil ","Ótima iniciativa "
"2020/07/15 11:04:13 PM GMT-3","Sistemas de Informação (Information System)","Entre 31 e 35 anos (Between 31 and 35 years)","Nenhuma (None)","Algumas vezes (Sometimes)","Sim (Yes)","Não (No)","Sim, falta de oportunidade","Brasil","nenhuma"
"2020/07/15 11:15:16 PM GMT-3","Engenharia de Software (Software Engineering)","Entre 18 e 24 anos (Between 18 and 24 years)","Nenhuma (None)","Algumas vezes (Sometimes)","Sim (Yes)","Não (No)","Falta de representação que me gera insegurança ","Brasil ","."
"2020/07/15 11:30:38 PM GMT-3","Ciência da Computação (Computer Science)","Entre 18 e 24 anos (Between 18 and 24 years)","Nenhuma (None)","Algumas vezes (Sometimes)","Sim (Yes)","Não (No)","Sim, um tempo atrás, e fui para a engenharia. Acabei voltando para a computação, de um jeito bom","Brasil","Keep going! :D"
"2020/07/16 2:45:36 AM GMT-3","Sistemas de Informação (Information System)","Entre 25 e 30 anos (Between 25 and 30 years)","Nenhuma (None)","Sim, sempre (Yes always)","Sim (Yes)","Não (No)","Sim. Mercado predominante masculino no meu estado.","Brasil","Boa Sorte!"
"2020/07/16 6:21:29 AM GMT-3","Engenharia da Computação (Computer Engineering)","Entre 36 e 40 anos (Between 36 and 40 years)","Até 2 (Up to 2)","Algumas vezes (Sometimes)","Sim (Yes)","Não (No)","Não ","Brasil","Não "
"2020/07/16 8:54:22 AM GMT-3","Sistemas de Informação (Information System)","Entre 25 e 30 anos (Between 25 and 30 years)","Até 2 (Up to 2)","Algumas vezes (Sometimes)","Não (No)","Não (No)","","Brasil ",". "
"2020/07/16 9:12:25 AM GMT-3","análise de sistemas","Entre 25 e 30 anos (Between 25 and 30 years)","Nenhuma (None)","Algumas vezes (Sometimes)","Não sei (I don't know)","Não (No)","Sim muita pressão ","Brasil","Você sempre acha que sabe menos que todo mundo mas a verdade é que ninguém sabe tudo"
"2020/07/16 9:22:28 AM GMT-3","Engenharia da Computação (Computer Engineering)","Entre 18 e 24 anos (Between 18 and 24 years)","Nenhuma (None)","Nunca (Never)","Não (No)","Não (No)","Não","Brasil","Talvez seria legal explorar mais os problemas enfrentados enquanto no mercado de trabalho, com perguntas de múltipla escolha mesmo (é mais simples de responder).
Recomendo a leitura do livro ""Faça Acontecer - Mulheres, Trabalho e a Vontade de Liderar"" da Sheryl Sandberg. Ela retrata em tópicos sobre quais as principais dificuldades que enfrentamos (algumas são até inconscientes!), me identifiquei bastante!"
"2020/07/16 9:28:32 AM GMT-3","Letras (mestrado em NLP)","Entre 36 e 40 anos (Between 36 and 40 years)","Até 10 (Up to 10)","Sim, sempre (Yes always)","Não sei (I don't know)","Sim (Yes)","Sim, muito difícil ","Brasil",":)"
"2020/07/16 11:00:32 AM GMT-3","Análise e desenvolvimento de sistemas","Entre 25 e 30 anos (Between 25 and 30 years)","Nenhuma (None)","Sim, sempre (Yes always)","Não sei (I don't know)","Não (No)","","Brasil","Descriminação no mercado. "
"2020/07/16 11:20:41 AM GMT-3","Sistemas de Informação (Information System)","Entre 18 e 24 anos (Between 18 and 24 years)","Até 5 (Up to 5)","Sim, sempre (Yes always)","Sim (Yes)","Não (No)","Sim, porque eu não queria ser tratada como sou na faculdade pelo resto da vida","Brasil","Acho que não"
"2020/07/16 12:08:50 PM GMT-3","Sistemas de Informação (Information System)","Entre 18 e 24 anos (Between 18 and 24 years)","Nenhuma (None)","Nunca (Never)","Sim (Yes)","Não (No)","Sim, por achar que não vou dar conta dessa área.","Brasil","Nenhuma"
"2020/07/16 4:08:23 PM GMT-3","Ciência da Computação (Computer Science)","Entre 18 e 24 anos (Between 18 and 24 years)","Até 2 (Up to 2)","Nunca (Never)","Não sei (I don't know)","Não estou inserida no mercado (I'm not part of the market)","Não","Brasil","Nenhum"
"2020/07/16 4:09:04 PM GMT-3","Sistemas de Informação (Information System)","Entre 31 e 35 anos (Between 31 and 35 years)","Nenhuma (None)","Algumas vezes (Sometimes)","Sim (Yes)","Não (No)","Não","Brasil","O mercado de ti é machista  e tem pouca representatividade feminina nas lideranças"
"2020/07/16 4:09:30 PM GMT-3","Ciência da Computação (Computer Science)","Entre 36 e 40 anos (Between 36 and 40 years)","Até 10 (Up to 10)","Sim, sempre (Yes always)","Não sei (I don't know)","Não (No)","sim. saude mental","br","bons estudos"
"2020/07/16 6:19:23 PM GMT-3","Gestão da tecnologia da informação","Entre 25 e 30 anos (Between 25 and 30 years)","Até 5 (Up to 5)","Nunca (Never)","Sim (Yes)","Não estou inserida no mercado (I'm not part of the market)","","Brasil","Nenhuma."
"2020/07/16 10:04:24 PM GMT-3","Ciência da Computação (Computer Science)","Entre 25 e 30 anos (Between 25 and 30 years)","Até 2 (Up to 2)","Algumas vezes (Sometimes)","Não sei (I don't know)","Não (No)","Não","Brasil","Para vencer essa mercado tão cruel, as mulheres tem que estar cada vez mais unidas e nunca abaixar a cabeça para ninguém. "
"2020/07/16 11:09:07 PM GMT-3","Ciência da Computação (Computer Science)","Entre 25 e 30 anos (Between 25 and 30 years)","Até 5 (Up to 5)","Nunca (Never)","Não sei (I don't know)","Sim (Yes)","Não.","Brasil.","Nenhum comentário."
"2020/07/16 11:38:03 PM GMT-3","Sistemas de Informação (Information System)","Entre 36 e 40 anos (Between 36 and 40 years)","Nenhuma (None)","Algumas vezes (Sometimes)","Sim (Yes)","Não (No)","Difícil e muito exigente","Brasil","Que seja melhor mostrado como é a TI, para que mulheres se interessem desde cedo."
"2020/07/17 9:40:23 AM GMT-3","Sistemas de Informação (Information System)","Mais de 41 anos (More than 41 years)","Nenhuma (None)","Nunca (Never)","Sim (Yes)","Não (No)","Não ","Brasil ","Estou feliz na área de TI"
"2020/07/17 3:40:47 PM GMT-3","Gestão de Tecnologia da Informação","Entre 18 e 24 anos (Between 18 and 24 years)","Nenhuma (None)","Algumas vezes (Sometimes)","Sim (Yes)","Não estou inserida no mercado (I'm not part of the market)","Curso de homens ","Brasil ","Em comunidades carentes as meninas não são incentivadas a seguir carreira em tecnologia, apenas aos 23 anos que conheci a area."
"2020/07/18 11:17:20 AM GMT-3","Sistemas de Informação (Information System)","Entre 36 e 40 anos (Between 36 and 40 years)","Até 5 (Up to 5)","Nunca (Never)","Não sei (I don't know)","Não (No)","não","Brazil","ok"
"2020/07/18 1:28:07 PM GMT-3","Sistemas de Informação (Information System)","Entre 18 e 24 anos (Between 18 and 24 years)","Nenhuma (None)","Sim, sempre (Yes always)","Sim (Yes)","Não (No)","Sim, por falta de incentivo e por ouvir pessoas falarem que não é pra mim (por eu ser mulher)","Brasil","Nenhum"
"2020/07/18 10:05:32 PM GMT-3","Arquitetura da Informação","Entre 25 e 30 anos (Between 25 and 30 years)","Nenhuma (None)","Algumas vezes (Sometimes)","Sim (Yes)","Não (No)","","Brasil","Não entendi bem o motivo da pesquisa"
"2020/07/18 10:19:36 PM GMT-3","Ciência da Computação (Computer Science)","Entre 18 e 24 anos (Between 18 and 24 years)","Até 2 (Up to 2)","Algumas vezes (Sometimes)","Não sei (I don't know)","Não (No)","Sim, cansativo, pressão","Brasil","Nenhuma"
"2020/07/18 11:30:40 PM GMT-3","Sistemas de Informação (Information System)","Entre 25 e 30 anos (Between 25 and 30 years)","Até 5 (Up to 5)","Algumas vezes (Sometimes)","Sim (Yes)","Sim (Yes)","","Brasil ","Não há "
"2020/07/19 2:06:47 AM GMT-3","Licenciatura em Computação (License in Computer Science)","Entre 18 e 24 anos (Between 18 and 24 years)","Nenhuma (None)","Nunca (Never)","Sim (Yes)","Não estou inserida no mercado (I'm not part of the market)","Nunca","Brasil","Apesar de não estar inserida no mercado, enxergo sim uma discrepância imensa com relação aos gêneros. Na minha faculdade nunca vivenciei nada do tipo porque não dou brecha, deixo claro meus ideais feministas."
"2020/07/19 7:22:55 AM GMT-3","Sistemas de Informação (Information System)","Entre 25 e 30 anos (Between 25 and 30 years)","Nenhuma (None)","Nunca (Never)","Sim (Yes)","Sim (Yes)","","Portugal","Eu já  tenho Mestrado em Informática (complementando a pergunta sobre a pos graduação)"
"2020/07/19 10:36:25 AM GMT-3","Análise e desenvolvimento de sistemas ","Entre 25 e 30 anos (Between 25 and 30 years)","Até 2 (Up to 2)","Algumas vezes (Sometimes)","Não sei (I don't know)","Não (No)","Sim. Já abandonei. Por muitas ilegalidades trabalhistas e por machismo.","Brasil","Boa sorte na pesquisa! "
"2020/07/19 11:45:23 AM GMT-3","análise e desenvolvimento de sistemas ","Entre 18 e 24 anos (Between 18 and 24 years)","Até 2 (Up to 2)","Nunca (Never)","Sim (Yes)","Não (No)","não","brasil","..."